section,total_queries,development_queries,test_queries
1.1 Computing from Inception to Today,6,5,1
1.2 Computer Hardware and Networks,4,3,1
"1.3 The Internet, Cloud Computing, and the Internet of Things",9,6,3
"1.4 Safety, Security, Privacy, and the Ethical Use of Technology",4,3,1
10.1 Data Tables and Ranges,5,5,0
10.2 More About Formulas,10,8,2
"10.3 Using Arithmetic, Statistical, and Logical Functions",3,2,1
10.4 PivotTables,5,5,0
10.5 Auditing Formulas and Fixing Errors,7,7,0
10.6 Advanced Formatting Techniques,7,5,2
"11.1 Understanding Data, Data Validation, and Data Tables",4,3,1
11.2 Statistical Functions,5,4,1
11.3 What-If Analysis,8,3,5
11.4 PivotTables/Charts,6,2,4
11.5 Data Analysis Charts,7,5,2
12.1 Basic Accounting,5,3,2
12.2 Financial Functions in Microsoft Excel,8,7,1
12.3 Integrating Microsoft Excel and Accounting Programs,5,4,1
13.1 What Is a Database?,10,9,1
13.2 Microsoft Access: Main Features and Navigation,3,3,0
13.3 Querying a Database,8,7,1
13.4 Maintaining Records in a Database,4,3,1
13.5 Creating Reports in Microsoft Access,5,4,1
13.6 Creating Forms in Microsoft Access,4,3,1
14.1 Advanced Queries in Microsoft Access,4,4,0
14.2 Multiple Table Forms,5,5,0
14.3 Customizing Forms,4,2,2
14.4 Customizing Reports,5,5,0
14.5 Using Macros,5,5,0
14.6 Data Analysis and Integration,5,5,0
15.1 Microsoft 365: Collaboration and Integration,7,6,1
15.2 Microsoft Word: Integration with Microsoft Excel and Microsoft Access,5,4,1
2.1 Software Basics,5,4,1
2.2 Files and Folders,3,3,0
2.3 Communication and Calendar Applications,5,3,2
2.4 Essentials of Microsoft 365,5,5,0
2.5 Essentials of Google Workspace,4,4,0
2.6 Collaboration,6,5,1
3.1 Navigating Microsoft Word,5,5,0
3.2 Formatting Document Layout in Microsoft Word,4,4,0
3.3 Formatting Document Content in Microsoft Word,1,1,0
3.4 Collaborative Editing and Reviewing in Microsoft Word,5,5,0
3.5 Document Design,5,1,4
3.6 Navigating Google Docs,3,3,0
3.7 Formatting Layout and Content in Google Docs,4,4,0
3.8 Collaborative Editing and Reviewing in Google Docs,6,5,1
3.9 Versions and Version History,5,4,1
4.1 Microsoft Word: Advanced Formatting Features,11,10,1
4.2 Working with Graphics and Text Tools in Microsoft Word,8,7,1
4.3 Managing Long Documents in Microsoft Word,9,6,3
4.4 Google Docs: Enhanced Formatting Features,4,4,0
4.5 Working with Graphics and Text Tools in Google Docs,4,3,1
4.6 Managing Long Documents in Google Docs,8,8,0
5.1 Creating Different Document Types in Microsoft Word,9,7,2
5.2 Mail Merge in Microsoft Word,5,3,2
5.3 Creating Forms in Microsoft Word,8,6,2
5.4 Creating Different Document Types in Google Docs,5,4,1
5.5 Creating Forms in Google Docs,6,4,2
5.6 Advanced Collaboration in Google Docs,7,6,1
6.1 Presentation and Design Essentials,5,3,2
6.2 Designing a Presentation in Microsoft PowerPoint,9,8,1
6.3 Formatting Microsoft PowerPoint Slides: Layout and Design Principles,5,5,0
6.4 Adding Visuals and Features to Microsoft PowerPoint Slides,8,7,1
6.5 Designing a Presentation in Google Slides,5,4,1
6.6 Creating Google Slides: Layout and Text,5,2,3
6.7 Adding Visuals and Features to Google Slides,7,7,0
7.1 Effective Presentation Skills,4,3,1
7.2 Finalizing a Slide Collection,4,3,1
7.3 Preparing a Microsoft PowerPoint Collection for Presentation,5,5,0
7.4 Preparing a Google Slides Collection for Presentation,8,6,2
8.1 What Are Content Management Systems?,7,6,1
8.2 Common Content Management Systems,3,1,2
8.3 Creating Content with a Content Management System,5,5,0
8.4 Search Engine Optimization,6,5,1
8.5 Social Media in Business,10,8,2
9.1 Microsoft Excel Basics,9,6,3
9.2 Text and Numbers in Microsoft Excel,5,3,2
9.3 Calculations and Basic Formulas in Microsoft Excel,13,10,3
9.4 Formatting and Templates in Microsoft Excel,9,8,1
9.5 Google Sheets Basics,4,3,1
9.6 Text and Numbers in Google Sheets,5,2,3
9.7 Calculations and Basic Formulas in Google Sheets,8,5,3
9.8 Formatting and Templates in Google Sheets,5,4,1
