question_id,independent_question,closest_original_question,similarity
IQ002,how did the invention of the microprocessor change who could use computers , what are the arithmetic functions in excel what are the statistical functions in excel what are the logical functions in excel ,0.33497536945812806
IQ003,why can cloud computing reduce the amount of storage a person needs on their own computer , what are the arithmetic functions in excel what are the statistical functions in excel what are the logical functions in excel ,0.3119266055045872
IQ001,what are some ways a company can protect itself against common computer security threats , what are the three ways to format font types sizes and styles in microsoft word ,0.36470588235294116
IQ004,why would someone choose a spreadsheet application instead of a word processing application for numerical data , what are the main components of a cms what are the benefits of using a cms what are the disadvantages of using a cms ,0.3318777292576419
IQ006,how can someone customize the microsoft 365 ribbon and application view to better fit their needs , what are the arithmetic functions in excel what are the statistical functions in excel what are the logical functions in excel ,0.3008849557522124
IQ005,what happens to a file when you create it in a google workspace application , what are the main components of a cms what are the benefits of using a cms what are the disadvantages of using a cms ,0.3917525773195876
IQ007,how can track changes and commenting help people review a word document together , what are the three ways to format font types sizes and styles in microsoft word ,0.345679012345679
IQ009,why would you use a section break when different parts of a google docs document need different formatting , what are the hardware components that make up a computer what is the information processing cycle what are networks and why are they important what are the basic components of a network ,0.30612244897959184
IQ008,how does suggesting mode help multiple people collaborate on the same google docs document , what are the arithmetic functions in excel what are the statistical functions in excel what are the logical functions in excel ,0.3013698630136986
IQ012,what kinds of settings can be changed through the word options dialog box , what are the main components of a cms what are the benefits of using a cms what are the disadvantages of using a cms ,0.34375
IQ010,which word features can help a reader move through a long document more easily , what are the main components of a cms what are the benefits of using a cms what are the disadvantages of using a cms ,0.3147208121827411
IQ011,what feature in google docs can you use when you want to create a checklist , what are the hardware components that make up a computer what is the information processing cycle what are networks and why are they important what are the basic components of a network ,0.34220532319391633
IQ014,how does word combine a main document with recipient information when creating personalized letters , what are the hardware components that make up a computer what is the information processing cycle what are networks and why are they important what are the basic components of a network ,0.34843205574912894
IQ013,why do you need to enable the developer tab when creating a fillable form in word , what are the three ways to format font types sizes and styles in microsoft word ,0.34355828220858897
IQ015,how can sharing permissions control what different people are allowed to do in a google docs document , what are the arithmetic functions in excel what are the statistical functions in excel what are the logical functions in excel ,0.3652173913043478
IQ018,why is arranging text graphics and other objects important when designing a powerpoint slide , what is the main difference between access and other database management systems what are the typical database objects in access what is the importance of closing and saving your work in access ,0.3958333333333333
IQ017,why is it usually better to keep the amount of text on a powerpoint slide limited , what are the main components of a cms what are the benefits of using a cms what are the disadvantages of using a cms ,0.33
IQ016,which google slides tools can help line up text boxes and images neatly on a slide , what are the three ways to format font types sizes and styles in microsoft word ,0.35365853658536583
IQ019,what should a presenter think about before giving a presentation to an audience , what are the main components of a cms what are the benefits of using a cms what are the disadvantages of using a cms ,0.40404040404040403
IQ021,what powerpoint features can help someone prepare their slides and practice before presenting , what are the three ways to format font types sizes and styles in microsoft word ,0.34285714285714286
IQ020,how can transitions help both the presenter and the audience during a google slides presentation , what are the main components of a cms what are the benefits of using a cms what are the disadvantages of using a cms ,0.4
IQ024,how can a content management system help an organization maintain consistent content across different platforms , what are the hardware components that make up a computer what is the information processing cycle what are networks and why are they important what are the basic components of a network ,0.3277591973244147
IQ023,what changes can a business make to a website to improve its chances of appearing higher in search results , what are the main components of a cms what are the benefits of using a cms what are the disadvantages of using a cms ,0.39111111111111113
IQ022,how can a business use social media to develop relationships with both existing and potential customers , what are the three ways to format font types sizes and styles in microsoft word ,0.3567567567567568
IQ026,what is the relationship between an excel workbook and its worksheets , what are the three ways to format font types sizes and styles in microsoft word ,0.4105960264900662
IQ027,how does google sheets decide what type of graph to create after you select data , what are the main components of a cms what are the benefits of using a cms what are the disadvantages of using a cms ,0.3015075376884422
IQ025,which formatting features do google sheets and excel have in common , what are the three ways to format font types sizes and styles in microsoft word ,0.42953020134228187
IQ029,why might a business use logical functions when analyzing its internal data , what are the arithmetic functions in excel what are the statistical functions in excel what are the logical functions in excel ,0.38235294117647056
IQ028,how can a pivottable help a business reorganize data to reveal different insights , what are the main components of a cms what are the benefits of using a cms what are the disadvantages of using a cms ,0.37
IQ030,how can a company keep the formatting of its excel workbooks consistent with its branding , what are the hardware components that make up a computer what is the information processing cycle what are networks and why are they important what are the basic components of a network ,0.3971119133574007
IQ031,when would you use excel s analysis toolpak instead of only basic built in statistical functions , what are the arithmetic functions in excel what are the statistical functions in excel what are the logical functions in excel ,0.35555555555555557
IQ032,when is goal seek useful for changing an input value to reach a desired result , what are the main components of a cms what are the benefits of using a cms what are the disadvantages of using a cms ,0.34517766497461927
IQ036,how do financial accounting and managerial accounting serve different decision making needs , what are the arithmetic functions in excel what are the statistical functions in excel what are the logical functions in excel ,0.33636363636363636
IQ035,how can time value of money variables help someone evaluate a financial decision over time , what are the arithmetic functions in excel what are the statistical functions in excel what are the logical functions in excel ,0.319634703196347
IQ034,why might a business export accounting data to excel instead of doing all of its analysis in accounting software , what are the three ways to format font types sizes and styles in microsoft word ,0.32989690721649484
IQ037,what can an access query do with information stored in one or more database tables , what are the three ways to format font types sizes and styles in microsoft word ,0.4024390243902439
IQ039,how can an access report make database information more useful for business decision making , what is the main difference between access and other database management systems what are the typical database objects in access what is the importance of closing and saving your work in access ,0.37630662020905925
IQ038,why might someone use a form instead of working directly with the underlying database , what are the three ways to format font types sizes and styles in microsoft word ,0.2994011976047904
IQ041,why might an access form combine information from two related tables , what are the three ways to format font types sizes and styles in microsoft word ,0.41333333333333333
IQ042,how can macros reduce the effort required for tasks that are performed repeatedly in access , what are the three ways to format font types sizes and styles in microsoft word ,0.30057803468208094
IQ040,how can a dashboard with navigation forms make an access database easier to use in an organization , what are the three ways to format font types sizes and styles in microsoft word ,0.36666666666666664
IQ043,what is the difference between embedding information and linking information between microsoft 365 files , what are the three ways to format font types sizes and styles in microsoft word ,0.4838709677419355
IQ044,what options are available for bringing excel content into a microsoft word document , what are the three ways to format font types sizes and styles in microsoft word ,0.4819277108433735
