question_id,top_chapter,gold_section,question,tfidf_rank,bm25_rank,hybrid_rank,tfidf_top1_section,bm25_top1_section,hybrid_top1_section,tfidf_recall_at_1,tfidf_recall_at_3,tfidf_recall_at_5,bm25_recall_at_1,bm25_recall_at_3,bm25_recall_at_5,hybrid_recall_at_1,hybrid_recall_at_3,hybrid_recall_at_5
IQ002,1,1.1 Computing from Inception to Today,How did the invention of the microprocessor change who could use computers?,1,1,1,1.1 Computing from Inception to Today,1.1 Computing from Inception to Today,1.1 Computing from Inception to Today,1,1,1,1,1,1,1,1,1
IQ003,1,"1.3 The Internet, Cloud Computing, and the Internet of Things",Why can cloud computing reduce the amount of storage a person needs on their own computer?,1,1,1,"1.3 The Internet, Cloud Computing, and the Internet of Things","1.3 The Internet, Cloud Computing, and the Internet of Things","1.3 The Internet, Cloud Computing, and the Internet of Things",1,1,1,1,1,1,1,1,1
IQ001,1,"1.4 Safety, Security, Privacy, and the Ethical Use of Technology",What are some ways a company can protect itself against common computer security threats?,1,1,1,"1.4 Safety, Security, Privacy, and the Ethical Use of Technology","1.4 Safety, Security, Privacy, and the Ethical Use of Technology","1.4 Safety, Security, Privacy, and the Ethical Use of Technology",1,1,1,1,1,1,1,1,1
IQ004,2,2.1 Software Basics,Why would someone choose a spreadsheet application instead of a word processing application for numerical data?,1,1,1,2.1 Software Basics,2.1 Software Basics,2.1 Software Basics,1,1,1,1,1,1,1,1,1
IQ006,2,2.4 Essentials of Microsoft 365,How can someone customize the Microsoft 365 ribbon and application view to better fit their needs?,1,1,1,2.4 Essentials of Microsoft 365,2.4 Essentials of Microsoft 365,2.4 Essentials of Microsoft 365,1,1,1,1,1,1,1,1,1
IQ005,2,2.5 Essentials of Google Workspace,What happens to a file when you create it in a Google Workspace application?,1,2,1,2.5 Essentials of Google Workspace,6.5 Designing a Presentation in Google Slides,2.5 Essentials of Google Workspace,1,1,1,0,1,1,1,1,1
IQ007,3,3.4 Collaborative Editing and Reviewing in Microsoft Word,How can Track Changes and commenting help people review a Word document together?,1,4,1,3.4 Collaborative Editing and Reviewing in Microsoft Word,5.1 Creating Different Document Types in Microsoft Word,3.4 Collaborative Editing and Reviewing in Microsoft Word,1,1,1,0,0,1,1,1,1
IQ009,3,3.7 Formatting Layout and Content in Google Docs,Why would you use a section break when different parts of a Google Docs document need different formatting?,2,5,2,3.2 Formatting Document Layout in Microsoft Word,3.2 Formatting Document Layout in Microsoft Word,3.2 Formatting Document Layout in Microsoft Word,0,1,1,0,0,1,0,1,1
IQ008,3,3.8 Collaborative Editing and Reviewing in Google Docs,How does Suggesting mode help multiple people collaborate on the same Google Docs document?,1,1,1,3.8 Collaborative Editing and Reviewing in Google Docs,3.8 Collaborative Editing and Reviewing in Google Docs,3.8 Collaborative Editing and Reviewing in Google Docs,1,1,1,1,1,1,1,1,1
IQ012,4,4.1 Microsoft Word: Advanced Formatting Features,What kinds of settings can be changed through the Word Options dialog box?,1,1,1,4.1 Microsoft Word: Advanced Formatting Features,4.1 Microsoft Word: Advanced Formatting Features,4.1 Microsoft Word: Advanced Formatting Features,1,1,1,1,1,1,1,1,1
IQ010,4,4.3 Managing Long Documents in Microsoft Word,Which Word features can help a reader move through a long document more easily?,1,10,1,4.3 Managing Long Documents in Microsoft Word,6.5 Designing a Presentation in Google Slides,4.3 Managing Long Documents in Microsoft Word,1,1,1,0,0,0,1,1,1
IQ011,4,4.4 Google Docs: Enhanced Formatting Features,What feature in Google Docs can you use when you want to create a checklist?,10,21,10,2.5 Essentials of Google Workspace,2.5 Essentials of Google Workspace,2.5 Essentials of Google Workspace,0,0,0,0,0,0,0,0,0
IQ014,5,5.2 Mail Merge in Microsoft Word,How does Word combine a main document with recipient information when creating personalized letters?,1,1,1,5.2 Mail Merge in Microsoft Word,5.2 Mail Merge in Microsoft Word,5.2 Mail Merge in Microsoft Word,1,1,1,1,1,1,1,1,1
IQ013,5,5.3 Creating Forms in Microsoft Word,Why do you need to enable the Developer tab when creating a fillable form in Word?,1,1,1,5.3 Creating Forms in Microsoft Word,5.3 Creating Forms in Microsoft Word,5.3 Creating Forms in Microsoft Word,1,1,1,1,1,1,1,1,1
IQ015,5,5.6 Advanced Collaboration in Google Docs,How can sharing permissions control what different people are allowed to do in a Google Docs document?,4,3,4,2.5 Essentials of Google Workspace,5.1 Creating Different Document Types in Microsoft Word,7.4 Preparing a Google Slides Collection for Presentation,0,0,1,0,1,1,0,0,1
IQ018,6,6.3 Formatting Microsoft PowerPoint Slides: Layout and Design Principles,Why is arranging text graphics and other objects important when designing a PowerPoint slide?,1,1,1,6.3 Formatting Microsoft PowerPoint Slides: Layout and Design Principles,6.3 Formatting Microsoft PowerPoint Slides: Layout and Design Principles,6.3 Formatting Microsoft PowerPoint Slides: Layout and Design Principles,1,1,1,1,1,1,1,1,1
IQ017,6,6.4 Adding Visuals and Features to Microsoft PowerPoint Slides,Why is it usually better to keep the amount of text on a PowerPoint slide limited?,3,5,3,6.6 Creating Google Slides: Layout and Text,6.6 Creating Google Slides: Layout and Text,6.6 Creating Google Slides: Layout and Text,0,1,1,0,0,1,0,1,1
IQ016,6,6.6 Creating Google Slides: Layout and Text,Which Google Slides tools can help line up text boxes and images neatly on a slide?,1,1,1,6.6 Creating Google Slides: Layout and Text,6.6 Creating Google Slides: Layout and Text,6.6 Creating Google Slides: Layout and Text,1,1,1,1,1,1,1,1,1
IQ019,7,7.1 Effective Presentation Skills,What should a presenter think about before giving a presentation to an audience?,1,3,1,7.1 Effective Presentation Skills,11.2 Statistical Functions,7.1 Effective Presentation Skills,1,1,1,0,1,1,1,1,1
IQ021,7,7.3 Preparing a Microsoft PowerPoint Collection for Presentation,What PowerPoint features can help someone prepare their slides and practice before presenting?,1,1,1,7.3 Preparing a Microsoft PowerPoint Collection for Presentation,7.3 Preparing a Microsoft PowerPoint Collection for Presentation,7.3 Preparing a Microsoft PowerPoint Collection for Presentation,1,1,1,1,1,1,1,1,1
IQ020,7,7.4 Preparing a Google Slides Collection for Presentation,How can transitions help both the presenter and the audience during a Google Slides presentation?,5,2,4,7.1 Effective Presentation Skills,7.3 Preparing a Microsoft PowerPoint Collection for Presentation,7.1 Effective Presentation Skills,0,0,1,0,1,1,0,0,1
IQ024,8,8.1 What Are Content Management Systems?,How can a content management system help an organization maintain consistent content across different platforms?,2,2,2,8.2 Common Content Management Systems,8.2 Common Content Management Systems,8.2 Common Content Management Systems,0,1,1,0,1,1,0,1,1
IQ023,8,8.4 Search Engine Optimization,What changes can a business make to a website to improve its chances of appearing higher in search results?,1,2,1,8.4 Search Engine Optimization,8.3 Creating Content with a Content Management System,8.4 Search Engine Optimization,1,1,1,0,1,1,1,1,1
IQ022,8,8.5 Social Media in Business,How can a business use social media to develop relationships with both existing and potential customers?,1,1,1,8.5 Social Media in Business,8.5 Social Media in Business,8.5 Social Media in Business,1,1,1,1,1,1,1,1,1
IQ026,9,9.1 Microsoft Excel Basics,What is the relationship between an Excel workbook and its worksheets?,1,2,1,9.1 Microsoft Excel Basics,10.2 More About Formulas,9.1 Microsoft Excel Basics,1,1,1,0,1,1,1,1,1
IQ027,9,9.6 Text and Numbers in Google Sheets,How does Google Sheets decide what type of graph to create after you select data?,1,1,1,9.6 Text and Numbers in Google Sheets,9.6 Text and Numbers in Google Sheets,9.6 Text and Numbers in Google Sheets,1,1,1,1,1,1,1,1,1
IQ025,9,9.8 Formatting and Templates in Google Sheets,Which formatting features do Google Sheets and Excel have in common?,1,2,1,9.8 Formatting and Templates in Google Sheets,12.3 Integrating Microsoft Excel and Accounting Programs,9.8 Formatting and Templates in Google Sheets,1,1,1,0,1,1,1,1,1
IQ029,10,"10.3 Using Arithmetic, Statistical, and Logical Functions",Why might a business use logical functions when analyzing its internal data?,1,1,1,"10.3 Using Arithmetic, Statistical, and Logical Functions","10.3 Using Arithmetic, Statistical, and Logical Functions","10.3 Using Arithmetic, Statistical, and Logical Functions",1,1,1,1,1,1,1,1,1
IQ028,10,10.4 PivotTables,How can a PivotTable help a business reorganize data to reveal different insights?,1,1,1,10.4 PivotTables,10.4 PivotTables,10.4 PivotTables,1,1,1,1,1,1,1,1,1
IQ030,10,10.6 Advanced Formatting Techniques,How can a company keep the formatting of its Excel workbooks consistent with its branding?,1,4,1,10.6 Advanced Formatting Techniques,3.9 Versions and Version History,10.6 Advanced Formatting Techniques,1,1,1,0,0,1,1,1,1
IQ031,11,11.2 Statistical Functions,When would you use Excel's Analysis ToolPak instead of only basic built-in statistical functions?,1,1,1,11.2 Statistical Functions,11.2 Statistical Functions,11.2 Statistical Functions,1,1,1,1,1,1,1,1,1
IQ032,11,11.3 What-If Analysis,When is Goal Seek useful for changing an input value to reach a desired result?,1,1,1,11.3 What-If Analysis,11.3 What-If Analysis,11.3 What-If Analysis,1,1,1,1,1,1,1,1,1
IQ036,12,12.1 Basic Accounting,How do financial accounting and managerial accounting serve different decision-making needs?,1,2,1,12.1 Basic Accounting,12.3 Integrating Microsoft Excel and Accounting Programs,12.1 Basic Accounting,1,1,1,0,1,1,1,1,1
IQ035,12,12.2 Financial Functions in Microsoft Excel,How can time-value-of-money variables help someone evaluate a financial decision over time?,1,1,1,12.2 Financial Functions in Microsoft Excel,12.2 Financial Functions in Microsoft Excel,12.2 Financial Functions in Microsoft Excel,1,1,1,1,1,1,1,1,1
IQ034,12,12.3 Integrating Microsoft Excel and Accounting Programs,Why might a business export accounting data to Excel instead of doing all of its analysis in accounting software?,1,1,1,12.3 Integrating Microsoft Excel and Accounting Programs,12.3 Integrating Microsoft Excel and Accounting Programs,12.3 Integrating Microsoft Excel and Accounting Programs,1,1,1,1,1,1,1,1,1
IQ037,13,13.3 Querying a Database,What can an Access query do with information stored in one or more database tables?,1,1,1,13.3 Querying a Database,13.3 Querying a Database,13.3 Querying a Database,1,1,1,1,1,1,1,1,1
IQ039,13,13.5 Creating Reports in Microsoft Access,How can an Access report make database information more useful for business decision making?,1,1,1,13.5 Creating Reports in Microsoft Access,13.5 Creating Reports in Microsoft Access,13.5 Creating Reports in Microsoft Access,1,1,1,1,1,1,1,1,1
IQ038,13,13.6 Creating Forms in Microsoft Access,Why might someone use a form instead of working directly with the underlying database?,2,4,3,14.3 Customizing Forms,10.1 Data Tables and Ranges,10.1 Data Tables and Ranges,0,1,1,0,0,1,0,1,1
IQ041,14,14.2 Multiple Table Forms,Why might an Access form combine information from two related tables?,1,1,1,14.2 Multiple Table Forms,14.2 Multiple Table Forms,14.2 Multiple Table Forms,1,1,1,1,1,1,1,1,1
IQ042,14,14.5 Using Macros,How can macros reduce the effort required for tasks that are performed repeatedly in Access?,1,1,1,14.5 Using Macros,14.5 Using Macros,14.5 Using Macros,1,1,1,1,1,1,1,1,1
IQ040,14,14.6 Data Analysis and Integration,How can a dashboard with navigation forms make an Access database easier to use in an organization?,1,1,1,14.6 Data Analysis and Integration,14.6 Data Analysis and Integration,14.6 Data Analysis and Integration,1,1,1,1,1,1,1,1,1
IQ043,15,15.1 Microsoft 365: Collaboration and Integration,What is the difference between embedding information and linking information between Microsoft 365 files?,1,1,1,15.1 Microsoft 365: Collaboration and Integration,15.1 Microsoft 365: Collaboration and Integration,15.1 Microsoft 365: Collaboration and Integration,1,1,1,1,1,1,1,1,1
IQ044,15,15.2 Microsoft Word: Integration with Microsoft Excel and Microsoft Access,What options are available for bringing Excel content into a Microsoft Word document?,1,1,1,15.2 Microsoft Word: Integration with Microsoft Excel and Microsoft Access,15.2 Microsoft Word: Integration with Microsoft Excel and Microsoft Access,15.2 Microsoft Word: Integration with Microsoft Excel and Microsoft Access,1,1,1,1,1,1,1,1,1
