question_id,top_chapter,source_section,source_text,independent_learner_question,question_author_notes
IQ002,1,1.1 Computing from Inception to Today," Early computers were used predominantly by engineers and scientists to handle large amounts of data. Key companies in the evolution of computing include IBM, Hewlett Packard, Xerox, Apple, and Microsoft.  With the invention of the microprocessor, computers became available to the average consumer.  Computing technology has increased efficiencies, decreased errors, opened new opportunities, and enhanced businesscustomer relationships.  Key technologies in computing include mobile devices, digital imaging, and machine learning.  Advances in technology are applicable to nearly every industry. The rapid pace of technological change has distinct career implications.",How did the invention of the microprocessor change who could use computers?,
IQ003,1,"1.3 The Internet, Cloud Computing, and the Internet of Things","The internet was initially rooted in government and military applications. Advances in technology such as HTML, URL, and DNS made the internet more accessible to the average user.  Programs such as Zoom, Google Docs, and X (Twitter) foster new types of interactions between businesses and their customers. Through sites such as eBay and Amazon, e-commerce has become an efficient way to purchase products and services, not just from companies but also from individuals. Cloud computing refers to storing IT resources on a virtual server rather than on the actual computers where the resources are used.  The use of cloud computing in the workplace has increased productivity and saved money for many businesses.  Cloud computing enables individuals to access a wide variety of resources such as media files, documents, and photos without the need for computers with massive storage capacities.  The Internet of Things (IoT) connects the physical to the virtual; with simple changes to pro",Why can cloud computing reduce the amount of storage a person needs on their own computer?,
IQ001,1,"1.4 Safety, Security, Privacy, and the Ethical Use of Technology"," Computer safety and security are paramount considerations for a companys effective operations.  Privacy in the digital world has become a major focus of corporate efforts to maintain the trust of employees, the public, and stakeholders. Common security issues include data and identity theft, cybercrime, phishing, and hacking.  Measures that prevent computer security breaches include encryption, firewalls, password management, data erasure, and data masking. ",What are some ways a company can protect itself against common computer security threats?,
IQ004,2,2.1 Software Basics,"Software is the lifeblood of a computer system that gets work done personally and in the business world.  Word processing applications are used to create text-based documents such as memos, letters, and reports.  Spreadsheet applications are used to work with data, especially numerical data.  Presentation applications are used to create slides that combine text and visuals to be shared in a presentation.  Specialized applications include programs that are used only in certain disciplines or occupations.  Installing and maintaining software is an important skill to have in today business world and beyond.",Why would someone choose a spreadsheet application instead of a word processing application for numerical data?,
IQ006,2,2.4 Essentials of Microsoft 365," Applications in the Office suite have generally the same layout. The options to customize files are arranged on the ribbon by tabs based on the usage.  The Save, Save As, Open, and Print options are common among all applications.  By using the settings options in the applications, you can customize the view and the ribbon to meet your needs.",How can someone customize the Microsoft 365 ribbon and application view to better fit their needs?,
IQ005,2,2.5 Essentials of Google Workspace,"Apps in Workspace include Docs, Sheets, and Slides. These apps are similar in many ways to their Microsoft counterparts. Google has some of the same functionality that you will find in Microsoft, but items may use different terminology.  A unique feature of creating files in Google is that the files are automatically saved in your Drive in the cloud. Commands and settings in Google are arranged in menus, with the more frequently used commands appearing as icons on the toolbar.",What happens to a file when you create it in a Google Workspace application?,
IQ007,3,3.4 Collaborative Editing and Reviewing in Microsoft Word,"The Review tab includes proofing tools like spelling and grammar check, commenting, Track Changes, and document protection.  The Editor tool conducts deep grammar and style checks on your document.",How can Track Changes and commenting help people review a Word document together?,
IQ009,3,3.7 Formatting Layout and Content in Google Docs,"All document formatting in Docs is done by using the action bar or the Format menu. The functionality of the formatting tools is similar to Word, although where the formatting tools are located can be a bit different.  Docs offers section breaks that enable the user to differentiate the formatting from one part of the document to the next. The configuration options are minimalistic in nature, which makes Docs very user-friendly.",Why would you use a section break when different parts of a Google Docs document need different formatting?,
IQ008,3,3.8 Collaborative Editing and Reviewing in Google Docs, The Tools menu in Docs contains many of the same functions and features as the Tools menu in Word. The Suggesting mode in Docs allows for users to work on one document simultaneously.,How does Suggesting mode help multiple people collaborate on the same Google Docs document?,
IQ012,4,4.1 Microsoft Word: Advanced Formatting Features,"Word includes some advanced configuration settings, such as the Word Options dialog box. This dialog box is full of different categories of settings, including General settings, Display settings, Proofing customizations, and the Advanced tab, which lets you configure a vast array of settings of different categories. Page numbers in Word are easy to add and highly configurable. They have preformatted graphical designs, styles, and numbering systems.  Headers and footers can be inserted into Word documents using the tools on the Insert tab. As with page numbers, headers and footers can be customized to meet your needs.  Types of lists include numbered, lettered, or bulleted. Each type of list has multilevel capabilities.",What kinds of settings can be changed through the Word Options dialog box?,
IQ010,4,4.3 Managing Long Documents in Microsoft Word,"The Pages command group has the Page Break, Blank Page, and Cover Page commands. These tools are used for adding and managing pages in your document.  The Format Painter is a useful tool that lets users copy the exact formatting from one section of text and apply it to another place in the document. The References tab contains many useful tools for navigating long documents. From this tab, you can generate a table of contents, a table of figures, and add footnotes and endnotes.  Adding bookmarks helps readers easily navigate within a long document.",Which Word features can help a reader move through a long document more easily?,
IQ011,4,4.4 Google Docs: Enhanced Formatting Features,"Docs gives the user a few ways to customize page numbers in the document.  Headers and footers can be added to the Doc and formatted using the tools in the action bar.  Making multilevel lists in Docs is similar to the same process in Word. But Docs also has checklists, which are unique to Docs and are a form of bulleted list.",What feature in Google Docs can you use when you want to create a checklist?,
IQ014,5,5.2 Mail Merge in Microsoft Word,"Mail merge is a tool in Word that can personalize dozens or hundreds of form letters. It allows the user to designate merge fields for any type of customized client data, such as names, addresses, or other details.  To do a mail merge, you first need to create your main document, or the document that contains the letter or information going to your recipients. You can temporarily designate where the custom fields will be by highlighting them. Next, you need to create or access a source document. A source document is the place where you have all of your recipients information. The information you include here will go into the custom fields in the main document. You complete a mail merge by combining the main document and the source document. The resulting item will be the merged document. Word will create one letter for each recipient you designated in a single document.",How does Word combine a main document with recipient information when creating personalized letters?,
IQ013,5,5.3 Creating Forms in Microsoft Word," The Developer tab is part of Word's set of command groups, but it does not appear by default, and needs to be manually activated. It is used for making forms, macros, handling add-ons/templates, and other advanced processes.  Fillable forms are built using the tools in the Controls command group of the Developer tab. This command group contains options for content control fields, which are used for creating different types of questions for forms. The respondent uses the content control fields to answer the questions in the form. Creating a fillable form in Word is a multistep process. You should first create your questions, then choose the question types, add in the content control fields, then finally edit the properties for each question.",Why do you need to enable the Developer tab when creating a fillable form in Word?,
IQ015,5,5.6 Advanced Collaboration in Google Docs," You can share a document using an email or a shareable link. There are three types of shareable links: public links, anyone with the link, and restricted. Docs allows many users to edit and type in a document concurrently. This can be done with layers of permissions, from editor, to commenter, to reader. Comment history collects all comments into a sidebar. This can save time for the user because this way, they do not have to scroll through the entire document. ",How can sharing permissions control what different people are allowed to do in a Google Docs document?,
IQ018,6,6.3 Formatting Microsoft PowerPoint Slides: Layout and Design Principles," Adjusting the layout of the elements on a slide is an important skill. Formatting the layout includes arranging the text, graphics, and other objects on a slide. Design principles provide guidelines and rules of thumb to consider as users start to change and manipulate themes and layouts on slides.",Why is arranging text graphics and other objects important when designing a PowerPoint slide?,
IQ017,6,6.4 Adding Visuals and Features to Microsoft PowerPoint Slides,"When including data on slides or related text elements, tables can be used to neatly organize the information in a presentation. The Table tool is similar to inserting tables in Word. An impactful presentation includes visual elements such as images rather than just text. You can use images from your computer, images provided by PowerPoint, or images you find online.  The written (textual) information on a slide can be used to convey important details. However, keeping text to a minimum on each slide makes for a more effective presentation design. Symbols and equations can be easily inserted into slides when mathematical content is needed.  You can use the WordArt tool to enhance basic textual information by adding borders, shading effects, and other elements. â¢ Slides that include several visual elements are often more appealing. Using the tools in the Illustrations command group, you can insert shapes, pictures, and SmartArt into your slides.",Why is it usually better to keep the amount of text on a PowerPoint slide limited?,
IQ016,6,6.6 Creating Google Slides: Layout and Text,You can modify text in Slides either by using the action bar or using the Format menu.  You can adjust the spacing of text on a slide in Google with the Align & Indent tool or the Line spacing tool found in the Format menu Borders and lines can be used to enhance the look of slide elements such as a list of information or images. You can add borders using the Format menu.The Arrange and Slide menus can be very helpful when finalizing your slides for a professional appearance. The tools in these menus help with lining up elements on the slide such as text boxes or images.,Which Google Slides tools can help line up text boxes and images neatly on a slide?,
IQ019,7,7.1 Effective Presentation Skills,"To prepare for a presentation, you should consider the goals of the presentation, how long you have to present, and how you will interact with the audience before, during, and after the presentation. A strong opening statement or hook will get the audience engaged and interested in the rest of the presentation. Although there is no standard set of skills for being a good presenter, there are some common approaches that, with practice, will help you become a better public speaker.  Just as a strong opening statement is needed, an impactful closing statement can bring the presentation to a close in a memorable way for the audience.",What should a presenter think about before giving a presentation to an audience?,
IQ021,7,7.3 Preparing a Microsoft PowerPoint Collection for Presentation,"Transitions and animations, if not overused, can add visual interest to your presentation. Choose animations and transitions that retain the professionalism of the presentation. Adding media such as audio or video can enhance a presentation and, in some cases, better convey the information contained on a slide.  PowerPoint includes many features to help you get your slides âpresentation ready. These include grammar/spell check, checking for accessibility issues, speaker's notes on slides, and even a rehearsal coach to help you prepare to speak in front of a group.  Making plans to visit the room and try out the technology is a critical step in preparing for a presentation. â¢ With the technology available today, you are likely to be presenting to a fully virtual or hybrid group. Through proper preparation, you can help ensure that all participants are engaged and have a meaningful experience during the presentation.",What PowerPoint features can help someone prepare their slides and practice before presenting?,
IQ020,7,7.4 Preparing a Google Slides Collection for Presentation,"Transitions can be added to slides to give some visual interest to the presentation and to help the speaker slow down between slides and topics.  The Tools menu contains features to check for spelling, facilitate a Q&A, and adjust speaker notes, among other things.  Adding audio or video files is easy to do in Slides. An audio file will appear as a speaker icon on the slide. A video will appear as a thumbnail.  The collaboration tools in Slides include standard sharing settings and commenting. ",How can transitions help both the presenter and the audience during a Google Slides presentation?,
IQ024,8,8.1 What Are Content Management Systems?," Content management systems allow users to manage content on all platforms, such as social media and web content, to create a consistent message and image for the organization.  Using a CMS promotes collaboration and quality control and facilitates search engine optimization, security, and the ability to reuse content.  There are seven stages of the content management lifecycle: organization, creation, storage, workflow, editing/versioning, publishing, and removal/archiving. Content management systems include features for controlling each part of the content management lifecycle, including page templates, document libraries, and calendaring.",How can a content management system help an organization maintain consistent content across different platforms?,
IQ023,8,8.4 Search Engine Optimization,"Search engines use computer programs that filter through keywords and website content to return and rank search lists. SEO refers to processes that help optimize search results to increase the chance that your company's website will appear higher up in the users search results list. Techniques for optimizing your website for effective searches include using an easy-to-understand URL, using descriptive titles, and keeping your page heading engaging.",What changes can a business make to a website to improve its chances of appearing higher in search results?,
IQ022,8,8.5 Social Media in Business," Businesses can use social media to reach their target audience, connect with existing customers, engage new customers, and make use of customer feedback.  Using the appropriate social media and networking platforms can benefit a business by generating more customers, building a loyal customer base, and providing exposure to other audiences.  Creating original content for social media requires developing and producing posts as well as curating your content in ways that are consistent with your brand. ",How can a business use social media to develop relationships with both existing and potential customers?,
IQ026,9,9.1 Microsoft Excel Basics,"A spreadsheet is a type of software that allows you to calculate mathematical equations and design tables that you can use for financial documents and that performs data analysis and mathematical calculations.  The GUI of Excel is designed for manipulating the cells of the spreadsheet. The GUI also has a ribbon, which is a wide, multitabbed menu that contains features for customizing and formatting tables. The spreadsheet file is called a workbook and is composed of worksheets. A workbook can contain only one worksheet. However, you cannot have a worksheet without a workbook. Add new worksheets to a workbook by clicking on the + next to the sheet tabs found along the bottom of the interface. â¢ The Print feature of Excel allows you to print a single worksheet or the whole workbook.",What is the relationship between an Excel workbook and its worksheets?,
IQ027,9,9.6 Text and Numbers in Google Sheets,"The copy-and-paste function in Sheets works the same way as in Excel and allows the user to use the structure of an existing table to create a new one. Users can then manipulate the table by inserting columns or rows. â¢ To create a new table, first create header rows and then format the cells below it based on their contents. Then, as you add text or numbers, Sheets will automatically format them based on the type of data. â¢ Basic graphs require selecting the data for analysis and then inserting a graph. Sheets chooses the type of graph based on the type of data. You can change the graph type using the sidebar. â¢ Sheets has many of the same page layout and review features as Excel, with the major difference being the location of the tools in the interface.",How does Google Sheets decide what type of graph to create after you select data?,
IQ025,9,9.8 Formatting and Templates in Google Sheets,"Sheets has many of the same formatting functionalities as Excel, such as colors, fonts, borders, text wrapping, and merging cells.  The formatting features allow for designing professional column and row headers. Hiding and unhiding columns or rows can simplify a worksheet to make it easier to use.  Conditional formatting works the same as in Excel.  Sheets contains some templates on the Welcome screen, but users of Sheets also share their own. Searching among only those publicly available templates can help you find many additional templates. ",Which formatting features do Google Sheets and Excel have in common?,
IQ029,10,"10.3 Using Arithmetic, Statistical, and Logical Functions","The tools introduced in this section will help you use and make sense of internal business data, such as client orders, invoice amounts, and machinery operative data. The arithmetic functions and statistical tools can give you an idea of the operations tendencies and cycles.  The basic financial functions can be used to determine monthly or annual loan payments or the number of years needed to pay off a loan.  Logical functions are used for making inferences or deductions. Many logical functions can be embedded within one another to create complex logical scenarios.",Why might a business use logical functions when analyzing its internal data?,
IQ028,10,10.4 PivotTables,"Corporations need to analyze their datasets to produce metrics or insights. However, these datasets need to be organized and cleaned before they can be processed. A PivotTable is a tool that reads raw datasets. It has user-friendly drag-and-drop capabilities that can help organize the table information for the business. These PivotTables are malleable, as the user can rearrange the variables in different ways to generate entirely different data highlights.  Visual representations of PivotTables can be generated using another Excel tool, PivotChart.",How can a PivotTable help a business reorganize data to reveal different insights?,
IQ030,10,10.6 Advanced Formatting Techniques,Using consistent branding and style throughout a companys documents is important for promoting professionalism. This can be achieved by using a company-wide branding or style manual.  The Themes tool lets you change a formatting scheme throughout an entire workbook. You can further adjust the theme by using the Styles combo-box options.  Excel lets you save time by copying a format using the Format Painter or the Paste Special method. ,How can a company keep the formatting of its Excel workbooks consistent with its branding?,
IQ031,11,11.2 Statistical Functions,"Data analysis is critical for any business to be successful.  Excels built-in statistical functions, such as SUM, AVERAGE, MODE, RANGE, and MEDIAN, provide basic information about a dataset.  The Analysis ToolPak add-in provides a collection of statistical tools for data analysis such as regression and ANOVA. Descriptive Statistics is a quick way to summarize a dataset by giving you values such as the average, the range, and the maximum number.  Regression is used for forecasting and budgeting. The Solver add-in is used to find optimal solutions given a set of predetermined constraints.",When would you use Excel's Analysis ToolPak instead of only basic built-in statistical functions?,
IQ032,11,11.3 What-If Analysis, Scenario Manager and Goal Seek are part of the What-If Analysis tool group.  The Scenario Manager is a tool that allows you to investigate the impact of various changes to input cells on target cells.  The Scenario Manager can give you a summary of all scenarios to help with decision making.  Goal Seek is used when you have a single input variable. Goal Seek is used to set a target value for a cell by changing the values in another cell.,When is Goal Seek useful for changing an input value to reach a desired result?,
IQ036,12,12.1 Basic Accounting," Accounting is the process of organizing, analyzing, and communicating financial information that is used for decision making.  Financial accounting measures performance using financial reports and communicates results to those outside of the organization who may have an interest in the companys performance, such as investors and creditors.  Managerial accounting uses both financial and nonfinancial information to aid in internal decision making.",How do financial accounting and managerial accounting serve different decision-making needs?,
IQ035,12,12.2 Financial Functions in Microsoft Excel,"The time value of money theory, or the theory that money loses value as time passes, is the basis of many financial decisions and can be useful in helping decision makers understand the long-term impacts of their choices now.  The time value of money variables are PV, RATE, NPER, PMT, and FV. They allow you to calculate the time value of money. Depreciation is a mathematical formula that allows business owners to quantify how much value an asset loses over time so that they can plan for replacing the asset.",How can time-value-of-money variables help someone evaluate a financial decision over time?,
IQ034,12,12.3 Integrating Microsoft Excel and Accounting Programs," QuickBooks is an accounting software suite. It is a different kind of software from Excel, and they both have their advantages and disadvantages for use in accounting. Accounting software programs can better keep track of revenues and expenditures and do so automatically and following IRS rules.  Accounting software programs do not do well in data analysis, because the database is designed to be for financial analysis. You would have to export data from the program to an Excel file, then use Excel to further analyze the data.  Excels extensive data analysis capabilities meet the needs of managerial accounting. Excel also integrates well with accounting software programs. Review Questions",Why might a business export accounting data to Excel instead of doing all of its analysis in accounting software?,
IQ037,13,13.3 Querying a Database," Queries can return data from one or more tables and can sort, limit, or calculate values from tables. SQL is a universal language used for queries; however, it is not necessary in Access. Access queries can be set up using either the Query Wizard or the QBE grid. Joins, representing relationships between fields across tables, can be created, changed, or removed.",What can an Access query do with information stored in one or more database tables?,
IQ039,13,13.5 Creating Reports in Microsoft Access,"Reports compile and summarize data in actionable, useful formats that can be used for business decision- making. Reports update with current information each time we open them and can be modified to show only the information most useful to a reader.  We can use the Report Wizard to create new reports that we can later customize.  Reports can be customized to include images and custom text, like logos.",How can an Access report make database information more useful for business decision making?,
IQ038,13,13.6 Creating Forms in Microsoft Access,"Forms provide an easy-to-use interface with a database. Most websites use forms for inputting, requesting, and accessing information. Forms can be created and edited using the Form Wizard. Forms can be customized in either Layout View or Design View. ",Why might someone use a form instead of working directly with the underlying database?,
IQ041,14,14.2 Multiple Table Forms, Adding data from two tables to a single specialized form can be an efficient way to reduce steps and enhance user experience. Queries are the bedrock of building and designing relational forms. Using the Form/Subform Wizard in Access can help ensure the creation of proper relationships. Understanding how subforms and relationships work opens the door to form design.,Why might an Access form combine information from two related tables?,
IQ042,14,14.5 Using Macros," Macros can make tasks that you routinely perform in Access quicker through automation. Macros are built using computer coding language to perform specific tasks such as running reports, printing forms, or copying data from one table into another table By customizing your database with macros, you can create a system for accomplishing many similar operations easily and efficiently. Two common applications for macros are displaying message boxes and validating data. VBA is a programming language that is integrated into Access, allowing you to create custom solutions for data management, reporting, and other tasks. Using the Code Builder tool, you can add specialized macros to forms and reports.",How can macros reduce the effort required for tasks that are performed repeatedly in Access?,
IQ040,14,14.6 Data Analysis and Integration,Integrating data from outside sources may take some planning. Steps for importing and exporting data were reviewed.  Building a dashboard with navigation forms helps drive business. Plan and build your dashboard around forms are used most often in the organization. Review Questions,How can a dashboard with navigation forms make an Access database easier to use in an organization?,
IQ043,15,15.1 Microsoft 365: Collaboration and Integration,"Collaborative workspaces allow users from various physical locations to work together efficiently.  Office is designed to allow easy integration between applications. We discuss two types of integrationl embedding and linking. Embedded information becomes a part of the other file and is not updated if the source file is updated. Linked information is kept separate; a connection between the two files is made, but it does not become part of the other file. Certain PDF files can be opened by Word by using the default conversion tool. Because the programs generally have the same layout, there are common paths to take information from one program into another program.",What is the difference between embedding information and linking information between Microsoft 365 files?,
IQ044,15,15.2 Microsoft Word: Integration with Microsoft Excel and Microsoft Access," Integrating Word into Excel has some drawbacks as Excel is meant more for data rather than text.  However, methods for importing Excel content into Word files include many copy-and-paste options, as well as the ability to insert a linked object.  The process for linking or embedding Excel charts into a Word file is similar to linking or embedding tables of data. You can choose to display the information as an icon in the Word document rather than showing an image of the linked or embedded information. You can import Access tables into Word, but this is typically not advised, as Access databases can be quite lengthy.",What options are available for bringing Excel content into a Microsoft Word document?,
