pair_id,source_row,pair_position,chapter,question,reference_answer,source_content,summary,experiment_id
QA001,0,1,1.1 Computing from Inception to Today,What are the key companies that have played a significant role in the evolution of computing?,"IBM, Hewlett Packard, Xerox, Apple, and Microsoft.","Early computers were used predominantly by engineers and scientists to handle large amounts of data. Key companies in the evolution of computing include IBM, Hewlett Packard, Xerox, Apple, and Microsoft. With the invention of the microprocessor, computers became available to the average consumer. Computing technology has increased efficiencies, decreased errors, opened new opportunities, and enhanced businesscustomer relationships. Key technologies in computing include mobile devices, digital imaging, and machine learning. Advances in technology are applicable to nearly every industry. The rapid pace of technological change has distinct career implications.",,E01
QA010,1,4,1.2 Computer Hardware and Networks,What are the basic components of a network?,"The basic components of a network include routers, switches, and firewalls. A router is a device that forwards data packets across a network, while a switch is a device that connects devices within a network. A firewall is a security system that controls incoming and outgoing network traffic based on predetermined security rules.","Hardware components that make up a computer are the motherboard, CPU, microprocessor, and memory, as well as the keyboard, mouse, and other peripheral devices. Computers process and store data through the information processing cycle. Networks are connections of two or more computer systems, such as LANs and WANs. Routers, switches, and firewalls are basic components of networks.",,E02
QA012,2,2,"1.3 The Internet, Cloud Computing, and the Internet of Things","What is the significance of HTML, URL, and DNS in the internet?","HTML (HyperText Markup Language) is used to create the structure of web pages, URL (Uniform Resource Locator) is used to address the pages on the internet, and DNS (Domain Name System) is used to translate human-friendly domain names into IP addresses.","The internet was initially rooted in government and military applications. Advances in technology such as HTML, URL, and DNS made the internet more accessible to the average user. Programs such as Zoom, Google Docs, and X (Twitter) foster new types of interactions between businesses and their customers. Through sites such as eBay and Amazon, e-commerce has become an efficient way to purchase products and services, not just from companies but also from individuals. Cloud computing refers to storing IT resources on a virtual server rather than on the actual computers where the resources are used. The use of cloud computing in the workplace has increased productivity and saved money for many businesses. Cloud computing enables individuals to access a wide variety of resources such as media files, documents, and photos without the need for computers with massive storage capacities. The Internet of Things (IoT) connects the physical to the virtual; with simple changes to pro",,E03
QA031,5,3,10.2 More About Formulas,What is the acronym PEMDAS and how is it used in Excel formulas?,"PEMDAS stands for Parentheses, Exponents, Multiplication and Division (from left to right), Addition and Subtraction (from left to right). It is used in Excel formulas to follow the order of operations.","Businesses need spreadsheets to handle datasets that are updated every minute with information. Cell references, comparison operators, and array formulas can help analyze large sets of changing data. Complex equations need complex formulas to solve them. Excel formulas use the same math symbols as pencil and paper math and follow the same order of operations. An easy way to remember the order of operations is with the acronym PEMDAS. Cell references are needed in formulas and in constructing autofilled tables. There are three types of cell references: relative, absolute, and mixed. Relative cell references are when a cell copies its links to other cells relative to where it is located. Absolute cell references lock a reference to a specific cell, row, or column. Mixed cell references use both. Comparison operators are math inequalities used in Excel formulas. They use logical operators like the IF function to make your workbook pull information for you.",,E04
QA034,5,6,10.2 More About Formulas,What is the purpose of IF function in Excel?,The IF function in Excel is used to make decisions based on conditions you specify.,"Businesses need spreadsheets to handle datasets that are updated every minute with information. Cell references, comparison operators, and array formulas can help analyze large sets of changing data. Complex equations need complex formulas to solve them. Excel formulas use the same math symbols as pencil and paper math and follow the same order of operations. An easy way to remember the order of operations is with the acronym PEMDAS. Cell references are needed in formulas and in constructing autofilled tables. There are three types of cell references: relative, absolute, and mixed. Relative cell references are when a cell copies its links to other cells relative to where it is located. Absolute cell references lock a reference to a specific cell, row, or column. Mixed cell references use both. Comparison operators are math inequalities used in Excel formulas. They use logical operators like the IF function to make your workbook pull information for you.",,E05
QA071,12,2,11.3 What-If Analysis,What is the purpose of the Goal Seek function in What-If Analysis?,The Goal Seek function in What-If Analysis is used to set a target value for a cell by changing the values in another cell.,Scenario Manager and Goal Seek are part of the What-If Analysis tool group. The Scenario Manager is a tool that allows you to investigate the impact of various changes to input cells on target cells. The Scenario Manager can give you a summary of all scenarios to help with decision making. Goal Seek is used when you have a single input variable. Goal Seek is used to set a target value for a cell by changing the values in another cell.,,E06
QA074,12,5,11.3 What-If Analysis,What is an example of a situation where you would use the Goal Seek function?,An example of a situation where you would use the Goal Seek function is when you need to find the value of a cell that will achieve a specific target value.,Scenario Manager and Goal Seek are part of the What-If Analysis tool group. The Scenario Manager is a tool that allows you to investigate the impact of various changes to input cells on target cells. The Scenario Manager can give you a summary of all scenarios to help with decision making. Goal Seek is used when you have a single input variable. Goal Seek is used to set a target value for a cell by changing the values in another cell.,,E07
QA078,13,1,11.4 PivotTables/Charts,What is the purpose of the PivotTable Analyze tab?,"The PivotTable Analyze tab is used to make data analysis and filtering easier by providing tools for filtering data, sorting data, and creating calculated fields.",The PivotTable Analyze tab offers tools to make data analysis and filtering easier. Timelines can be inserted to filter the PivotTable data by date. Slicers can be used in PivotTables and Data Tables to filter data with visual buttons. Calculated fields can be added to PivotTables for additional analysis using formulas. The List Formulas tool creates a separate worksheet that includes all formulas used in the PivotTable. It is a valuable tool when there are multiple users of a single workbook.,,E08
QA079,13,2,11.4 PivotTables/Charts,How can you insert a timeline in a PivotTable?,"You can insert a timeline in a PivotTable by selecting the ""Insert Timeline"" option in the Analyze tab.",The PivotTable Analyze tab offers tools to make data analysis and filtering easier. Timelines can be inserted to filter the PivotTable data by date. Slicers can be used in PivotTables and Data Tables to filter data with visual buttons. Calculated fields can be added to PivotTables for additional analysis using formulas. The List Formulas tool creates a separate worksheet that includes all formulas used in the PivotTable. It is a valuable tool when there are multiple users of a single workbook.,,E09
QA085,14,2,11.5 Data Analysis Charts,How can a column chart be used to show comparisons between groups?,A column chart can be used to show comparisons between groups by showing the height of each bar in relation to each other.,"There are many types of charts to visually present your data. Some options for charts or graphs include bar charts, pie charts, column charts, line graphs, and scatter plots. A column chart can be used to show comparisons between groups. A line chart is useful to show changes over time. Scatter plots visually show the relationship between two variables and are often used with regression. Chart templates can be created for chart formats you use frequently such as those with company colors or logos. The Quick Analysis tool gives you access to several options such as conditional formatting, adding totals to the rows or columns, or quick links to creating a chart of the data. â¢ Sparklines added to your Data Table can be used to quickly assess trends. 826 11 â¢ Chapter Review Access for free at openstax.org Review Questions",,E10
QA091,15,1,12.1 Basic Accounting,What is the main purpose of accounting?,"The main purpose of accounting is to organize, analyze, and communicate financial information that is used for decision making.","Accounting is the process of organizing, analyzing, and communicating financial information that is used for decision making. Financial accounting measures performance using financial reports and communicates results to those outside of the organization who may have an interest in the companys performance, such as investors and creditors. Managerial accounting uses both financial and nonfinancial information to aid in internal decision making.",,E11
QA102,16,7,12.2 Financial Functions in Microsoft Excel,What is the formula for calculating the periodic payment on an investment?,The formula for calculating the periodic payment on an investment is PMT = RATE * PV / (1 - (1 + RATE) ^ -NPER).,"The time value of money theory, or the theory that money loses value as time passes, is the basis of many financial decisions and can be useful in helping decision makers understand the long-term impacts of their choices now. The time value of money variables are PV, RATE, NPER, PMT, and FV. They allow you to calculate the time value of money. Depreciation is a mathematical formula that allows business owners to quantify how much value an asset loses over time so that they can plan for replacing the asset.",,E12
QA105,17,2,12.3 Integrating Microsoft Excel and Accounting Programs,What is the main disadvantage of using Excel over accounting software programs?,Accounting software programs can better keep track of revenues and expenditures and do so automatically and following IRS rules.,"QuickBooks is an accounting software suite. It is a different kind of software from Excel, and they both have their advantages and disadvantages for use in accounting. Accounting software programs can better keep track of revenues and expenditures and do so automatically and following IRS rules. Accounting software programs do not do well in data analysis, because the database is designed to be for financial analysis. You would have to export data from the program to an Excel file, then use Excel to further analyze the data. Excels extensive data analysis capabilities meet the needs of managerial accounting. Excel also integrates well with accounting software programs. Review Questions",,E13
QA138,22,5,13.5 Creating Reports in Microsoft Access,Can we customize reports to include images and custom text?,"Yes, we can customize reports to include images and custom text.","Reports compile and summarize data in actionable, useful formats that can be used for business decision- making. Reports update with current information each time we open them and can be modified to show only the information most useful to a reader. We can use the Report Wizard to create new reports that we can later customize. Reports can be customized to include images and custom text, like logos.",,E14
QA155,26,4,14.3 Customizing Forms,What are the elements of a form that can be customized to company specific standards?,"The elements of a form that can be customized to company specific standards include headers and footers, titles, modifications to the text and colors, and logos.","Through the tools in Access, you can add and arrange fields, labels, buttons, and other objects, and set their properties to control their behavior and appearance in the form. These tools allow you to create more complex and customized forms. Controls are the parts of a form that are used to enter, edit, or display data Adding controls such as command buttons or combo boxes are added to manage how form looks, works, and interacts with the rest of the database. Elements such as headers and footers, titles, modifications to the text and colors, logos can be used to customize the form to company specific standards.",,E15
QA177,30,7,15.1 Microsoft 365: Collaboration and Integration,How does Microsoft 365 handle changes in the source file when using embedded or linked information?,Microsoft 365 handles changes in the source file when using embedded or linked information by keeping the linked information separate and not updating it if the source file is,"Collaborative workspaces allow users from various physical locations to work together efficiently. Office is designed to allow easy integration between applications. We discuss two types of integrationl embedding and linking. Embedded information becomes a part of the other file and is not updated if the source file is updated. Linked information is kept separate; a connection between the two files is made, but it does not become part of the other file. Certain PDF files can be opened by Word by using the default conversion tool. Because the programs generally have the same layout, there are common paths to take information from one program into another program.",,E16
QA194,34,4,2.3 Communication and Calendar Applications,What are the benefits of using calendar applications in organizations?,"The benefits of using calendar applications in organizations include improved communication, increased productivity, and better coordination of team activities.",Communication in organizations today is facilitated with technology. Many applications include features to facilitate communication across time zones and borders. Email applications such as Outlook and Gmail make it possible to communicate and to send files via the internet. Instant chat/messaging platforms such as Microsoft Teams and Slack have been used to create virtual workspaces for teams in organizations. Productivity in teams can be enhanced by using calendar applications to manage team meetings and project tasks.,,E17
QA226,42,1,3.5 Document Design,What is the purpose of themes in Microsoft Word?,"The purpose of themes in Microsoft Word is to autoformat document styles, allowing the user to modify the styles to their liking.","Themes are color and design schemes that autoformat document styles. The user can modify the theme to their liking by modifying the styles. You can use the Page Background command group tools to make large changes to your whole document, such as changing the background of your page and applying a watermark. These are options are found on the Design tab.",,E18
QA230,42,5,3.5 Document Design,What is the difference between the Page Background command group tools and the Page Layout command group tools?,"The Page Background command group tools are used to change the background of your page and apply a watermark, while the Page Layout command group tools are used to adjust the layout of your page, such as changing the margins and headers/footers.","Themes are color and design schemes that autoformat document styles. The user can modify the theme to their liking by modifying the styles. You can use the Page Background command group tools to make large changes to your whole document, such as changing the background of your page and applying a watermark. These are options are found on the Design tab.",,E19
QA250,47,2,4.1 Microsoft Word: Advanced Formatting Features,How can you add and configure page numbers in Word?,"You can add and configure page numbers in Word by using the Page Layout dialog box. It has preformatted graphical designs, styles, and numbering systems.","Word includes some advanced configuration settings, such as the Word Options dialog box. This dialog box is full of different categories of settings, including General settings, Display settings, Proofing customizations, and the Advanced tab, which lets you configure a vast array of settings of different categories. Page numbers in Word are easy to add and highly configurable. They have preformatted graphical designs, styles, and numbering systems. Headers and footers can be inserted into Word documents using the tools on the Insert tab. As with page numbers, headers and footers can be customized to meet your needs. Types of lists include numbered, lettered, or bulleted. Each type of list has multilevel capabilities.",,E20
QA263,48,4,4.2 Working with Graphics and Text Tools in Microsoft Word,What is the purpose of the Text command group in Microsoft Word?,"The Text command group in Microsoft Word contains commands that let you insert autogenerated fields into your document, such as Quick Parts, Signature Line, and Date & Time.","Tables can be inserted into the document to summarize information into rows and columns. The tables can be customized with a wide variety of styles, colors, and fonts. You may insert images, shapes, SmartArt, charts, and screen captures into Word using the tools in the Illustrations command group. SmartArt is a tool that lets you design different types of organizational charts, such as process and hierarchy charts. The Text command group contains commands that let you insert autogenerated fields into your document, like Quick Parts, Signature Line, and Date & Time. It also has text-designing tools like Drop Cap, WordArt, and Text Box. Word also has a large collection of symbols and equations that can be inserted in the document.",,E21
QA297,53,5,5.1 Creating Different Document Types in Microsoft Word,How can you design and print business cards in Word?,"You can design and print business cards in Word by creating a new document, then using the ""Business Card"" template.","Being able to create different types of documents in Word is an important skill. You can either use a template or create them from scratch. Although many people use email, printed business memos are still common, and the way they are composed is important to know. It is also important to know how to create and format documents on letterhead and printed envelopes. Letterheads display your name and contact information, while printed envelopes help add a look of professionalism to your communication. Business cards can be designed in Word and printed by yourself, or by a printing company using cardstock paper. They display your contact information. Brochures and flyers are forms of print advertising that can also be used digitally. â¢ Invoices always contain what you or your company is billing a client for. Microsoft has a large number of templates you can create an invoice from. â¢ A business plan usually has a standard layout, which a template can help you with. But it can be he",,E22
QA303,54,2,5.2 Mail Merge in Microsoft Word,How do you designate where the custom fields will be in the main document?,You designate where the custom fields will be in the main document by highlighting them.,"Mail merge is a tool in Word that can personalize dozens or hundreds of form letters. It allows the user to designate merge fields for any type of customized client data, such as names, addresses, or other details. To do a mail merge, you first need to create your main document, or the document that contains the letter or information going to your recipients. You can temporarily designate where the custom fields will be by highlighting them. Next, you need to create or access a source document. A source document is the place where you have all of your recipients information. The information you include here will go into the custom fields in the main document. You complete a mail merge by combining the main document and the source document. The resulting item will be the merged document. Word will create one letter for each recipient you designated in a single document.",,E23
QA306,54,5,5.2 Mail Merge in Microsoft Word,What is the result of a merged document?,The result of a merged document is a single document that contains one letter for each recipient you designated. Each letter is personalized with data from the source document.,"Mail merge is a tool in Word that can personalize dozens or hundreds of form letters. It allows the user to designate merge fields for any type of customized client data, such as names, addresses, or other details. To do a mail merge, you first need to create your main document, or the document that contains the letter or information going to your recipients. You can temporarily designate where the custom fields will be by highlighting them. Next, you need to create or access a source document. A source document is the place where you have all of your recipients information. The information you include here will go into the custom fields in the main document. You complete a mail merge by combining the main document and the source document. The resulting item will be the merged document. Word will create one letter for each recipient you designated in a single document.",,E24
QA311,55,5,5.3 Creating Forms in Microsoft Word,How do you manually activate the Developer tab in Word?,"To manually activate the Developer tab in Word, you need to go to the 'File' tab, click on 'Options', then 'Customize Ribbon', and finally check the box for 'Developer' under 'Main Tabs'.","The Developer tab is part of Word's set of command groups, but it does not appear by default, and needs to be manually activated. It is used for making forms, macros, handling add-ons/templates, and other advanced processes. Fillable forms are built using the tools in the Controls command group of the Developer tab. This command group contains options for content control fields, which are used for creating different types of questions for forms. The respondent uses the content control fields to answer the questions in the form. Creating a fillable form in Word is a multistep process. You should first create your questions, then choose the question types, add in the content control fields, then finally edit the properties for each question.",,E25
QA326,58,1,5.6 Advanced Collaboration in Google Docs,What are the three types of shareable links in Google Docs?,"The three types of shareable links in Google Docs are public links, anyone with the link, and restricted.","You can share a document using an email or a shareable link. There are three types of shareable links: public links, anyone with the link, and restricted. Docs allows many users to edit and type in a document concurrently. This can be done with layers of permissions, from editor, to commenter, to reader. Comment history collects all comments into a sidebar. This can save time for the user because this way, they do not have to scroll through the entire document.",,E26
QA334,59,2,6.1 Presentation and Design Essentials,How does understanding your audience influence the purpose of a presentation?,Understanding your audience is crucial to ensure the presentation is geared toward that audience.,"Presentations are used in business to communicate information to both internal and external stakeholders. They are typically used to educate or train, sell an idea, or simply convey information to others. Understanding your audience should drive the purpose behind the presentation. This is to ensure the presentation is geared toward the audience. Consistency and coherency are essential for creating a professional, finished presentation. Consistency means ensuring that the presentation has a unified look and feel. Coherency means that the presentation is logically unified and applies to both the slides and the presenter.It is important to create a plan or storyboard of the presentation, in the same way that it is important to outline an essay. A visual plan can ensure all key topics are covered and laid out in an effective manner.",,E27
QA363,63,4,6.5 Designing a Presentation in Google Slides,What is the purpose of exporting a Google Slides presentation to a PowerPoint file format?,The purpose of exporting a Google Slides presentation to a PowerPoint file format is to make it easier to work with other users who may be using PowerPoint. This is particularly useful in a workplace environment where one program is preferred over the other.,"Both Slides and PowerPoint have similar functionality when creating presentations. In some respects, Slides is considered more user friendly, with enhanced collaboration tools. Slides is a web-based program, which has both advantages and disadvantages. One advantage is that you can access your Slides files anywhere as long as you have internet access and access to your Google account. Slides can be exported to a PowerPoint file format, and vice versa. This is useful when working in a workplace environment where one program is preferred over the other.",,E28
QA365,64,1,6.6 Creating Google Slides: Layout and Text,What is the purpose of the Align & Indent tool in Google Slides?,The Align & Indent tool in Google Slides is used to adjust the alignment and indentation of text.,You can modify text in Slides either by using the action bar or using the Format menu. You can adjust the spacing of text on a slide in Google with the Align & Indent tool or the Line spacing tool found in the Format menu Borders and lines can be used to enhance the look of slide elements such as a list of information or images. You can add borders using the Format menu.The Arrange and Slide menus can be very helpful when finalizing your slides for a professional appearance. The tools in these menus help with lining up elements on the slide such as text boxes or images.,,E29
QA392,69,3,7.4 Preparing a Google Slides Collection for Presentation,What are the features in the Tools menu that facilitate a Q&A?,"The features in the Tools menu that facilitate a Q&A include the ability to start a poll, start a quiz, and share the slide with others to answer questions.","Transitions can be added to slides to give some visual interest to the presentation and to help the speaker slow down between slides and topics. The Tools menu contains features to check for spelling, facilitate a Q&A, and adjust speaker notes, among other things. Adding audio or video files is easy to do in Slides. An audio file will appear as a speaker icon on the slide. A video will appear as a thumbnail. The collaboration tools in Slides include standard sharing settings and commenting.",,E30
QA421,74,3,8.5 Social Media in Business,What are the benefits of using social media platforms for business?,"Using social media platforms can benefit a business by generating more customers, building a loyal customer base, and providing exposure to other audiences.","Businesses can use social media to reach their target audience, connect with existing customers, engage new customers, and make use of customer feedback. Using the appropriate social media and networking platforms can benefit a business by generating more customers, building a loyal customer base, and providing exposure to other audiences. Creating original content for social media requires developing and producing posts as well as curating your content in ways that are consistent with your brand.",,E31
QA430,75,2,9.1 Microsoft Excel Basics,What is the GUI of Excel?,"The GUI of Excel is designed for manipulating the cells of the spreadsheet. The GUI also has a ribbon, which is a wide, multitabbed menu that contains features for customizing and formatting tables.","A spreadsheet is a type of software that allows you to calculate mathematical equations and design tables that you can use for financial documents and that performs data analysis and mathematical calculations. The GUI of Excel is designed for manipulating the cells of the spreadsheet. The GUI also has a ribbon, which is a wide, multitabbed menu that contains features for customizing and formatting tables. The spreadsheet file is called a workbook and is composed of worksheets. A workbook can contain only one worksheet. However, you cannot have a worksheet without a workbook. Add new worksheets to a workbook by clicking on the + next to the sheet tabs found along the bottom of the interface. â¢ The Print feature of Excel allows you to print a single worksheet or the whole workbook.",,E32
QA432,75,4,9.1 Microsoft Excel Basics,What is a workbook in Excel?,A workbook in Excel is a file that contains one or more worksheets.,"A spreadsheet is a type of software that allows you to calculate mathematical equations and design tables that you can use for financial documents and that performs data analysis and mathematical calculations. The GUI of Excel is designed for manipulating the cells of the spreadsheet. The GUI also has a ribbon, which is a wide, multitabbed menu that contains features for customizing and formatting tables. The spreadsheet file is called a workbook and is composed of worksheets. A workbook can contain only one worksheet. However, you cannot have a worksheet without a workbook. Add new worksheets to a workbook by clicking on the + next to the sheet tabs found along the bottom of the interface. â¢ The Print feature of Excel allows you to print a single worksheet or the whole workbook.",,E33
QA441,76,4,9.2 Text and Numbers in Microsoft Excel,What is the purpose of the Page Layout tab in Excel?,The Page Layout tab includes commands to help you format the printed page in a professional manner.,"Excel is a powerful tool to manage small to somewhat large sets of data. Data can be collected in Excel and analyzed to track a business sales or costs or a machines output, for example. Both text and numbers can be formatted to match the contents of the data such as formatting a description as text or a cost as accounting. The Page Layout tab includes commands to help you format the printed page in a professional manner. The Review tab is especially useful when sharing the spreadsheet for collaboration and ensuring accuracy in spelling and grammar.",,E34
QA449,77,7,9.3 Calculations and Basic Formulas in Microsoft Excel,Write a function to multiply 5 and 3.,"The function is: PRODUCT(5,3)","Excel uses the formula syntax to add, subtract, multiply, or divide. The formula syntax is comparable to writing out math equations by hand, with numbers and mathematical operators. The function syntax can perform the same calculations as the formula syntax for addition and multiplication but not for subtraction or division. The function syntax uses function names with cell references or ranges in parentheses to calculate.",,E35
QA466,79,2,9.5 Google Sheets Basics,What is the action bar in Google Sheets called?,"The action bar in Google Sheets is called the action bar. It is just one row of commands, unlike the wider Microsoft Office ribbon, with menus that are essentially the same as the tools in Excel, but the action bar also includes a row of buttons for frequently used commands.","Sheets serves many of the same purposes as Excel, but some of its tools are limited, compared with Excel. Many of the features are the same as or similar to Excel. The toolbar on Sheets is called the action bar. It is just one row of commands, unlike the wider Microsoft Office ribbon, with menus that are essentially the same as the tools in Excel, but the action bar also includes a row of buttons for frequently used commands. The process of creating a worksheet and formatting cells in an existing worksheet in Sheets is similar to that of Excel, with drop-down menus for common commands.",,E36
QA472,80,4,9.6 Text and Numbers in Google Sheets,What is the difference between basic graphs and other types of graphs in Sheets?,"Basic graphs in Sheets are created by selecting the data for analysis and then inserting a graph. The type of graph is determined by Sheets based on the type of data. You can change the graph type using the sidebar. Other types of graphs may include bar graphs, pie charts, and line graphs.","The copy-and-paste function in Sheets works the same way as in Excel and allows the user to use the structure of an existing table to create a new one. Users can then manipulate the table by inserting columns or rows. â¢ To create a new table, first create header rows and then format the cells below it based on their contents. Then, as you add text or numbers, Sheets will automatically format them based on the type of data. â¢ Basic graphs require selecting the data for analysis and then inserting a graph. Sheets chooses the type of graph based on the type of data. You can change the graph type using the sidebar. â¢ Sheets has many of the same page layout and review features as Excel, with the major difference being the location of the tools in the interface.",,E37
QA480,81,7,9.7 Calculations and Basic Formulas in Google Sheets,How do you calculate the square root of a number in Google Sheets?,"To calculate the square root of a number in Google Sheets, you would use the SQRT function, like ""=SQRT(number)"".","In Sheets, mathematical calculations such as addition, subtraction, multiplication, and division can use formulas, mathematical operators, and/or functions. The functions in Sheets differ some from Excel. Sheets has a few functions such as MINUS and DIVIDE that are not in Excel.",,E38
QA481,81,8,9.7 Calculations and Basic Formulas in Google Sheets,What is the difference between the COUNT function and the COUNTIF function?,"The COUNT function counts the number of cells that contain numbers in a range, while the COUNTIF function counts the number of cells in a range that meet a specified condition.","In Sheets, mathematical calculations such as addition, subtraction, multiplication, and division can use formulas, mathematical operators, and/or functions. The functions in Sheets differ some from Excel. Sheets has a few functions such as MINUS and DIVIDE that are not in Excel.",,E39
QA482,82,1,9.8 Formatting and Templates in Google Sheets,What are the similarities between Google Sheets and Excel?,"Google Sheets has many of the same formatting functionalities as Excel, such as colors, fonts, borders, text wrapping, and merging cells.","Sheets has many of the same formatting functionalities as Excel, such as colors, fonts, borders, text wrapping, and merging cells. The formatting features allow for designing professional column and row headers. Hiding and unhiding columns or rows can simplify a worksheet to make it easier to use. Conditional formatting works the same as in Excel. Sheets contains some templates on the Welcome screen, but users of Sheets also share their own. Searching among only those publicly available templates can help you find many additional templates.",,E40
