experiment_id,pair_id,condition_A,condition_B
E01,QA001,RAG_ON,RAG_OFF
E02,QA010,RAG_ON,RAG_OFF
E03,QA012,RAG_OFF,RAG_ON
E04,QA031,RAG_ON,RAG_OFF
E05,QA034,RAG_OFF,RAG_ON
E06,QA071,RAG_OFF,RAG_ON
E07,QA074,RAG_OFF,RAG_ON
E08,QA078,RAG_OFF,RAG_ON
E09,QA079,RAG_OFF,RAG_ON
E10,QA085,RAG_ON,RAG_OFF
E11,QA091,RAG_OFF,RAG_ON
E12,QA102,RAG_OFF,RAG_ON
E13,QA105,RAG_ON,RAG_OFF
E14,QA138,RAG_OFF,RAG_ON
E15,QA155,RAG_ON,RAG_OFF
E16,QA177,RAG_OFF,RAG_ON
E17,QA194,RAG_OFF,RAG_ON
E18,QA226,RAG_ON,RAG_OFF
E19,QA230,RAG_ON,RAG_OFF
E20,QA250,RAG_OFF,RAG_ON
E21,QA263,RAG_OFF,RAG_ON
E22,QA297,RAG_OFF,RAG_ON
E23,QA303,RAG_OFF,RAG_ON
E24,QA306,RAG_ON,RAG_OFF
E25,QA311,RAG_ON,RAG_OFF
E26,QA326,RAG_ON,RAG_OFF
E27,QA334,RAG_OFF,RAG_ON
E28,QA363,RAG_ON,RAG_OFF
E29,QA365,RAG_ON,RAG_OFF
E30,QA392,RAG_ON,RAG_OFF
E31,QA421,RAG_OFF,RAG_ON
E32,QA430,RAG_OFF,RAG_ON
E33,QA432,RAG_ON,RAG_OFF
E34,QA441,RAG_ON,RAG_OFF
E35,QA449,RAG_OFF,RAG_ON
E36,QA466,RAG_OFF,RAG_ON
E37,QA472,RAG_ON,RAG_OFF
E38,QA480,RAG_ON,RAG_OFF
E39,QA481,RAG_OFF,RAG_ON
E40,QA482,RAG_ON,RAG_OFF
