experiment_id,chapter,question,reference_answer,condition_A,condition_B,A_factuality_0_2,A_grounding_0_2,A_clarity_0_1,B_factuality_0_2,B_grounding_0_2,B_clarity_0_1,RAG_ON_factuality,RAG_ON_grounding,RAG_ON_clarity,RAG_ON_total,RAG_OFF_factuality,RAG_OFF_grounding,RAG_OFF_clarity,RAG_OFF_total,total_difference_ON_minus_OFF,factuality_difference_ON_minus_OFF,grounding_difference_ON_minus_OFF,clarity_difference_ON_minus_OFF
E01,1.1 Computing from Inception to Today,What are the key companies that have played a significant role in the evolution of computing?,"IBM, Hewlett Packard, Xerox, Apple, and Microsoft.",RAG_ON,RAG_OFF,2.0,2.0,1.0,2.0,0.0,1.0,2.0,2.0,1.0,5.0,2.0,0.0,1.0,3.0,2.0,0.0,2.0,0.0
E02,1.2 Computer Hardware and Networks,What are the basic components of a network?,"The basic components of a network include routers, switches, and firewalls. A router is a device that forwards data packets across a network, while a switch is a device that connects devices within a network. A firewall is a security system that controls incoming and outgoing network traffic based on predetermined security rules.",RAG_ON,RAG_OFF,2.0,2.0,1.0,1.0,1.0,0.0,2.0,2.0,1.0,5.0,1.0,1.0,0.0,2.0,3.0,1.0,1.0,1.0
E03,"1.3 The Internet, Cloud Computing, and the Internet of Things","What is the significance of HTML, URL, and DNS in the internet?","HTML (HyperText Markup Language) is used to create the structure of web pages, URL (Uniform Resource Locator) is used to address the pages on the internet, and DNS (Domain Name System) is used to translate human-friendly domain names into IP addresses.",RAG_OFF,RAG_ON,1.0,1.0,0.0,2.0,2.0,1.0,2.0,2.0,1.0,5.0,1.0,1.0,0.0,2.0,3.0,1.0,1.0,1.0
E04,10.2 More About Formulas,What is the acronym PEMDAS and how is it used in Excel formulas?,"PEMDAS stands for Parentheses, Exponents, Multiplication and Division (from left to right), Addition and Subtraction (from left to right). It is used in Excel formulas to follow the order of operations.",RAG_ON,RAG_OFF,2.0,2.0,1.0,2.0,2.0,0.0,2.0,2.0,1.0,5.0,2.0,2.0,0.0,4.0,1.0,0.0,0.0,1.0
E05,10.2 More About Formulas,What is the purpose of IF function in Excel?,The IF function in Excel is used to make decisions based on conditions you specify.,RAG_OFF,RAG_ON,2.0,2.0,0.0,2.0,2.0,1.0,2.0,2.0,1.0,5.0,2.0,2.0,0.0,4.0,1.0,0.0,0.0,1.0
E06,11.3 What-If Analysis,What is the purpose of the Goal Seek function in What-If Analysis?,The Goal Seek function in What-If Analysis is used to set a target value for a cell by changing the values in another cell.,RAG_OFF,RAG_ON,1.0,1.0,0.0,2.0,2.0,1.0,2.0,2.0,1.0,5.0,1.0,1.0,0.0,2.0,3.0,1.0,1.0,1.0
E07,11.3 What-If Analysis,What is an example of a situation where you would use the Goal Seek function?,An example of a situation where you would use the Goal Seek function is when you need to find the value of a cell that will achieve a specific target value.,RAG_OFF,RAG_ON,1.0,1.0,0.0,2.0,2.0,1.0,2.0,2.0,1.0,5.0,1.0,1.0,0.0,2.0,3.0,1.0,1.0,1.0
E08,11.4 PivotTables/Charts,What is the purpose of the PivotTable Analyze tab?,"The PivotTable Analyze tab is used to make data analysis and filtering easier by providing tools for filtering data, sorting data, and creating calculated fields.",RAG_OFF,RAG_ON,1.0,1.0,0.0,2.0,2.0,1.0,2.0,2.0,1.0,5.0,1.0,1.0,0.0,2.0,3.0,1.0,1.0,1.0
E09,11.4 PivotTables/Charts,How can you insert a timeline in a PivotTable?,"You can insert a timeline in a PivotTable by selecting the ""Insert Timeline"" option in the Analyze tab.",RAG_OFF,RAG_ON,1.0,1.0,0.0,2.0,2.0,1.0,2.0,2.0,1.0,5.0,1.0,1.0,0.0,2.0,3.0,1.0,1.0,1.0
E10,11.5 Data Analysis Charts,How can a column chart be used to show comparisons between groups?,A column chart can be used to show comparisons between groups by showing the height of each bar in relation to each other.,RAG_ON,RAG_OFF,2.0,2.0,1.0,1.0,1.0,0.0,2.0,2.0,1.0,5.0,1.0,1.0,0.0,2.0,3.0,1.0,1.0,1.0
E11,12.1 Basic Accounting,What is the main purpose of accounting?,"The main purpose of accounting is to organize, analyze, and communicate financial information that is used for decision making.",RAG_OFF,RAG_ON,1.0,1.0,0.0,2.0,2.0,1.0,2.0,2.0,1.0,5.0,1.0,1.0,0.0,2.0,3.0,1.0,1.0,1.0
E12,12.2 Financial Functions in Microsoft Excel,What is the formula for calculating the periodic payment on an investment?,The formula for calculating the periodic payment on an investment is PMT = RATE * PV / (1 - (1 + RATE) ^ -NPER).,RAG_OFF,RAG_ON,0.0,0.0,0.0,2.0,2.0,1.0,2.0,2.0,1.0,5.0,0.0,0.0,0.0,0.0,5.0,2.0,2.0,1.0
E13,12.3 Integrating Microsoft Excel and Accounting Programs,What is the main disadvantage of using Excel over accounting software programs?,Accounting software programs can better keep track of revenues and expenditures and do so automatically and following IRS rules.,RAG_ON,RAG_OFF,0.0,0.0,1.0,0.0,0.0,0.0,0.0,0.0,1.0,1.0,0.0,0.0,0.0,0.0,1.0,0.0,0.0,1.0
E14,13.5 Creating Reports in Microsoft Access,Can we customize reports to include images and custom text?,"Yes, we can customize reports to include images and custom text.",RAG_OFF,RAG_ON,2.0,1.0,0.0,2.0,2.0,1.0,2.0,2.0,1.0,5.0,2.0,1.0,0.0,3.0,2.0,0.0,1.0,1.0
E15,14.3 Customizing Forms,What are the elements of a form that can be customized to company specific standards?,"The elements of a form that can be customized to company specific standards include headers and footers, titles, modifications to the text and colors, and logos.",RAG_ON,RAG_OFF,2.0,2.0,1.0,1.0,1.0,0.0,2.0,2.0,1.0,5.0,1.0,1.0,0.0,2.0,3.0,1.0,1.0,1.0
E16,15.1 Microsoft 365: Collaboration and Integration,How does Microsoft 365 handle changes in the source file when using embedded or linked information?,Microsoft 365 handles changes in the source file when using embedded or linked information by keeping the linked information separate and not updating it if the source file is,RAG_OFF,RAG_ON,1.0,1.0,0.0,2.0,2.0,1.0,2.0,2.0,1.0,5.0,1.0,1.0,0.0,2.0,3.0,1.0,1.0,1.0
E17,2.3 Communication and Calendar Applications,What are the benefits of using calendar applications in organizations?,"The benefits of using calendar applications in organizations include improved communication, increased productivity, and better coordination of team activities.",RAG_OFF,RAG_ON,1.0,1.0,0.0,2.0,2.0,1.0,2.0,2.0,1.0,5.0,1.0,1.0,0.0,2.0,3.0,1.0,1.0,1.0
E18,3.5 Document Design,What is the purpose of themes in Microsoft Word?,"The purpose of themes in Microsoft Word is to autoformat document styles, allowing the user to modify the styles to their liking.",RAG_ON,RAG_OFF,2.0,2.0,1.0,1.0,1.0,0.0,2.0,2.0,1.0,5.0,1.0,1.0,0.0,2.0,3.0,1.0,1.0,1.0
E19,3.5 Document Design,What is the difference between the Page Background command group tools and the Page Layout command group tools?,"The Page Background command group tools are used to change the background of your page and apply a watermark, while the Page Layout command group tools are used to adjust the layout of your page, such as changing the margins and headers/footers.",RAG_ON,RAG_OFF,2.0,2.0,1.0,0.0,0.0,0.0,2.0,2.0,1.0,5.0,0.0,0.0,0.0,0.0,5.0,2.0,2.0,1.0
E20,4.1 Microsoft Word: Advanced Formatting Features,How can you add and configure page numbers in Word?,"You can add and configure page numbers in Word by using the Page Layout dialog box. It has preformatted graphical designs, styles, and numbering systems.",RAG_OFF,RAG_ON,1.0,1.0,0.0,2.0,2.0,1.0,2.0,2.0,1.0,5.0,1.0,1.0,0.0,2.0,3.0,1.0,1.0,1.0
E21,4.2 Working with Graphics and Text Tools in Microsoft Word,What is the purpose of the Text command group in Microsoft Word?,"The Text command group in Microsoft Word contains commands that let you insert autogenerated fields into your document, such as Quick Parts, Signature Line, and Date & Time.",RAG_OFF,RAG_ON,0.0,0.0,0.0,2.0,2.0,1.0,2.0,2.0,1.0,5.0,0.0,0.0,0.0,0.0,5.0,2.0,2.0,1.0
E22,5.1 Creating Different Document Types in Microsoft Word,How can you design and print business cards in Word?,"You can design and print business cards in Word by creating a new document, then using the ""Business Card"" template.",RAG_OFF,RAG_ON,1.0,1.0,0.0,2.0,2.0,1.0,2.0,2.0,1.0,5.0,1.0,1.0,0.0,2.0,3.0,1.0,1.0,1.0
E23,5.2 Mail Merge in Microsoft Word,How do you designate where the custom fields will be in the main document?,You designate where the custom fields will be in the main document by highlighting them.,RAG_OFF,RAG_ON,0.0,0.0,0.0,2.0,2.0,1.0,2.0,2.0,1.0,5.0,0.0,0.0,0.0,0.0,5.0,2.0,2.0,1.0
E24,5.2 Mail Merge in Microsoft Word,What is the result of a merged document?,The result of a merged document is a single document that contains one letter for each recipient you designated. Each letter is personalized with data from the source document.,RAG_ON,RAG_OFF,2.0,2.0,1.0,0.0,0.0,0.0,2.0,2.0,1.0,5.0,0.0,0.0,0.0,0.0,5.0,2.0,2.0,1.0
E25,5.3 Creating Forms in Microsoft Word,How do you manually activate the Developer tab in Word?,"To manually activate the Developer tab in Word, you need to go to the 'File' tab, click on 'Options', then 'Customize Ribbon', and finally check the box for 'Developer' under 'Main Tabs'.",RAG_ON,RAG_OFF,2.0,2.0,1.0,0.0,0.0,0.0,2.0,2.0,1.0,5.0,0.0,0.0,0.0,0.0,5.0,2.0,2.0,1.0
E26,5.6 Advanced Collaboration in Google Docs,What are the three types of shareable links in Google Docs?,"The three types of shareable links in Google Docs are public links, anyone with the link, and restricted.",RAG_ON,RAG_OFF,2.0,2.0,1.0,0.0,0.0,0.0,2.0,2.0,1.0,5.0,0.0,0.0,0.0,0.0,5.0,2.0,2.0,1.0
E27,6.1 Presentation and Design Essentials,How does understanding your audience influence the purpose of a presentation?,Understanding your audience is crucial to ensure the presentation is geared toward that audience.,RAG_OFF,RAG_ON,1.0,1.0,0.0,2.0,2.0,1.0,2.0,2.0,1.0,5.0,1.0,1.0,0.0,2.0,3.0,1.0,1.0,1.0
E28,6.5 Designing a Presentation in Google Slides,What is the purpose of exporting a Google Slides presentation to a PowerPoint file format?,The purpose of exporting a Google Slides presentation to a PowerPoint file format is to make it easier to work with other users who may be using PowerPoint. This is particularly useful in a workplace environment where one program is preferred over the other.,RAG_ON,RAG_OFF,2.0,2.0,1.0,0.0,0.0,0.0,2.0,2.0,1.0,5.0,0.0,0.0,0.0,0.0,5.0,2.0,2.0,1.0
E29,6.6 Creating Google Slides: Layout and Text,What is the purpose of the Align & Indent tool in Google Slides?,The Align & Indent tool in Google Slides is used to adjust the alignment and indentation of text.,RAG_ON,RAG_OFF,2.0,2.0,1.0,2.0,2.0,0.0,2.0,2.0,1.0,5.0,2.0,2.0,0.0,4.0,1.0,0.0,0.0,1.0
E30,7.4 Preparing a Google Slides Collection for Presentation,What are the features in the Tools menu that facilitate a Q&A?,"The features in the Tools menu that facilitate a Q&A include the ability to start a poll, start a quiz, and share the slide with others to answer questions.",RAG_ON,RAG_OFF,2.0,2.0,1.0,0.0,0.0,0.0,2.0,2.0,1.0,5.0,0.0,0.0,0.0,0.0,5.0,2.0,2.0,1.0
E31,8.5 Social Media in Business,What are the benefits of using social media platforms for business?,"Using social media platforms can benefit a business by generating more customers, building a loyal customer base, and providing exposure to other audiences.",RAG_OFF,RAG_ON,1.0,1.0,0.0,2.0,2.0,1.0,2.0,2.0,1.0,5.0,1.0,1.0,0.0,2.0,3.0,1.0,1.0,1.0
E32,9.1 Microsoft Excel Basics,What is the GUI of Excel?,"The GUI of Excel is designed for manipulating the cells of the spreadsheet. The GUI also has a ribbon, which is a wide, multitabbed menu that contains features for customizing and formatting tables.",RAG_OFF,RAG_ON,1.0,1.0,0.0,2.0,2.0,1.0,2.0,2.0,1.0,5.0,1.0,1.0,0.0,2.0,3.0,1.0,1.0,1.0
E33,9.1 Microsoft Excel Basics,What is a workbook in Excel?,A workbook in Excel is a file that contains one or more worksheets.,RAG_ON,RAG_OFF,2.0,2.0,1.0,0.0,0.0,0.0,2.0,2.0,1.0,5.0,0.0,0.0,0.0,0.0,5.0,2.0,2.0,1.0
E34,9.2 Text and Numbers in Microsoft Excel,What is the purpose of the Page Layout tab in Excel?,The Page Layout tab includes commands to help you format the printed page in a professional manner.,RAG_ON,RAG_OFF,2.0,2.0,1.0,1.0,1.0,0.0,2.0,2.0,1.0,5.0,1.0,1.0,0.0,2.0,3.0,1.0,1.0,1.0
E35,9.3 Calculations and Basic Formulas in Microsoft Excel,Write a function to multiply 5 and 3.,"The function is: PRODUCT(5,3)",RAG_OFF,RAG_ON,1.0,1.0,0.0,2.0,2.0,1.0,2.0,2.0,1.0,5.0,1.0,1.0,0.0,2.0,3.0,1.0,1.0,1.0
E36,9.5 Google Sheets Basics,What is the action bar in Google Sheets called?,"The action bar in Google Sheets is called the action bar. It is just one row of commands, unlike the wider Microsoft Office ribbon, with menus that are essentially the same as the tools in Excel, but the action bar also includes a row of buttons for frequently used commands.",RAG_OFF,RAG_ON,0.0,0.0,0.0,1.0,1.0,1.0,1.0,1.0,1.0,3.0,0.0,0.0,0.0,0.0,3.0,1.0,1.0,1.0
E37,9.6 Text and Numbers in Google Sheets,What is the difference between basic graphs and other types of graphs in Sheets?,"Basic graphs in Sheets are created by selecting the data for analysis and then inserting a graph. The type of graph is determined by Sheets based on the type of data. You can change the graph type using the sidebar. Other types of graphs may include bar graphs, pie charts, and line graphs.",RAG_ON,RAG_OFF,2.0,2.0,1.0,1.0,1.0,0.0,2.0,2.0,1.0,5.0,1.0,1.0,0.0,2.0,3.0,1.0,1.0,1.0
E38,9.7 Calculations and Basic Formulas in Google Sheets,How do you calculate the square root of a number in Google Sheets?,"To calculate the square root of a number in Google Sheets, you would use the SQRT function, like ""=SQRT(number)"".",RAG_ON,RAG_OFF,2.0,2.0,1.0,0.0,0.0,0.0,2.0,2.0,1.0,5.0,0.0,0.0,0.0,0.0,5.0,2.0,2.0,1.0
E39,9.7 Calculations and Basic Formulas in Google Sheets,What is the difference between the COUNT function and the COUNTIF function?,"The COUNT function counts the number of cells that contain numbers in a range, while the COUNTIF function counts the number of cells in a range that meet a specified condition.",RAG_OFF,RAG_ON,1.0,1.0,0.0,2.0,2.0,1.0,2.0,2.0,1.0,5.0,1.0,1.0,0.0,2.0,3.0,1.0,1.0,1.0
E40,9.8 Formatting and Templates in Google Sheets,What are the similarities between Google Sheets and Excel?,"Google Sheets has many of the same formatting functionalities as Excel, such as colors, fonts, borders, text wrapping, and merging cells.",RAG_ON,RAG_OFF,2.0,2.0,1.0,1.0,1.0,0.0,2.0,2.0,1.0,5.0,1.0,1.0,0.0,2.0,3.0,1.0,1.0,1.0
